1,Dorthy Kaines,Mysore
2,Mariam Sommerled,New Delhi
3,Pavlov Atchly,Mumbai
4,Harlen Smythin,Mumbai
5,Lyndel Apark,Mumbai
6,Elbertine Polotti,New Delhi
7,Luciano Campbell-Dunlop,New Delhi
8,Rosalyn Borris,Bangalore
9,Dyana Crooks,Chennia
10,Sofie Jotham,Mysore
11,Claudius Benzi,New Delhi
12,Pascal Moyne,New Delhi
13,Illa Jeste,Mysore
14,Artie Kyteley,New Delhi
15,Cob Ratke,Mysore
16,Susanne Bissex,Mysore
17,Sidnee Lett,Mysore
18,Ines Mingauld,Pune
19,Mara Meininger,Pune
20,Dorthea Wolfer,New Delhi
21,Fonzie Kehri,Mumbai
22,Peria Clout,Mumbai
23,Louisa MacGuigan,Chennia
24,Flinn Kinnach,Chennia
25,Omar Beake,Pune
26,Cassandre Axtell,Bangalore
27,Oates Bessant,New Delhi
28,Germain Reinbeck,Mysore
29,Kinnie Bertl,Pune
30,Claudell Hawthorne,Mysore
31,Red Loble,New Delhi
32,Sula Siehard,Mumbai
33,Lizzy Brankley,Bangalore
34,Honoria Cutler,Mumbai
35,Charisse Chrisp,New Delhi
36,Chen Goring,Bangalore
37,Olympe Fillimore,New Delhi
38,Judon Gommowe,Pune
39,Jerome Thomson,Mysore
40,Ansley Tarply,Bangalore
41,Petrina Poag,Mumbai
42,Boycey Duddridge,Mysore
43,Bennie Conkay,Bangalore
44,Claudetta Marieton,Bangalore
45,Nikolas Clempton,New Delhi
46,Barton Dabernott,Mysore
47,Hyacinth Erswell,Chennia
48,Brant Mulrean,New Delhi
49,Mia Hymus,Bangalore
50,Galvin Dzeniskevich,Pune
51,Wini Lamplugh,Pune
52,Domenic Hatto,Mumbai
53,Carlyle Baltrushaitis,Bangalore
54,Emelen Avrasin,Mumbai
55,Grethel Feathers,New Delhi
56,Damita Fetherston,Mysore
57,Garland Reston,Chennia
58,Yves Amberg,Pune
59,Catlee Dykes,Mysore
60,Leena Kaminski,Mysore
61,Orren Gerold,Bangalore
62,Sandy Kirimaa,Mysore
63,Harri Manuele,Mumbai
64,Terese Carlet,Pune
65,Sara-ann Caroli,Pune
66,Angie Londing,Mumbai
67,Simone Brantzen,Mumbai
68,Francine MacGiolla Pheadair,Pune
69,Karita Burdon,New Delhi
70,Guillaume Vernay,New Delhi
71,Haskell Innman,Mysore
72,Laurice Arpino,Pune
73,Sidoney Hyde-Chambers,Mumbai
74,Fayina Leathers,Bangalore
75,Derwin Leavold,Bangalore
76,Melli Whayman,New Delhi
77,Carilyn Jerke,Mysore
78,Kerwinn Ludman,Mumbai
79,Rica Mulkerrins,Chennia
80,Gianna Roots,Mumbai
81,Aarika Corradengo,Mysore
82,Bernete Banasik,Bangalore
83,Oliy Pulham,Bangalore
84,Guntar Daffey,Bangalore
85,Charo Gullefant,Chennia
86,Shaylynn Fruin,Pune
87,Edlin Attwater,Pune
88,Skelly Goggey,Bangalore
89,Danette Hawksley,Mysore
90,Sile Girke,Bangalore
91,Neely Lanahan,Bangalore
92,Lilias Castaneda,New Delhi
93,Eugenio Gomez,Bangalore
94,Ulysses Wass,Pune
95,Flynn Wearn,Bangalore
96,Billy Martinie,New Delhi
97,Jerrome Orniz,New Delhi
98,Hali Pilmoor,Mysore
99,Maryjo Clout,New Delhi
100,Sharity Denholm,Mumbai
101,Alexander Lavigne,Mysore
102,Tessi Ambrogetti,Bangalore
103,Man Guye,New Delhi
104,Swen Foan,Bangalore
105,Jeremy Tavener,New Delhi
106,Ameline Breckell,Mysore
107,Clarke Vedenisov,Chennia
108,Hildagarde O'Sheils,Mysore
109,Imogen Catterill,Mysore
110,Carmelia Rennox,Mysore
111,Caryl Rhead,Bangalore
112,Allister Cristou,Mumbai
113,Karen Hender,Mysore
114,Loise Fawthorpe,Pune
115,Rees Pittem,Bangalore
116,Tania de Chastelain,New Delhi
117,Antonetta Charrette,New Delhi
118,Davine Haddleston,Bangalore
119,Linda Salvatore,Mysore
120,D'arcy Rau,Pune
121,Sheeree Abramof,Chennia
122,Nani McMichael,Chennia
123,Denver Fourmy,Bangalore
124,Mitchell Delany,Mumbai
125,Wynny Amori,Mumbai
126,Garnette Ager,New Delhi
127,Ashby Sorton,New Delhi
128,Nicolas Cartmell,Bangalore
129,Tait Tollfree,Mysore
130,Alverta MacAndrew,Mumbai
131,Guss Geerling,Chennia
132,Moyna Timmermann,Chennia
133,Robby Pender,Mumbai
134,Nikolai Mitcham,Mysore
135,Filmer Dakers,Mumbai
136,Lisha Guerro,Bangalore
137,Evvie Longrigg,Mumbai
138,Reinaldo Eudall,Bangalore
139,Charity Maryin,New Delhi
140,Letitia Barge,Mumbai
141,Benyamin Crawford,Chennia
142,Clayborn Kensett,Chennia
143,Hanan Soulsby,Chennia
144,Lizbeth Cops,Bangalore
145,Carey Feirn,Mumbai
146,Rora Ammer,Bangalore
147,Aimil Tidball,Chennia
148,Odelinda Chiverton,New Delhi
149,Iorgo Romaint,Pune
150,Barnie Colthard,New Delhi
151,Laurence Lambart,Mumbai
152,Sam Brittoner,Mumbai
153,Bradan Harfoot,Chennia
154,Jorry Petroulis,Bangalore
155,Marlo Bowdon,Bangalore
156,Maxine Ubach,Chennia
157,Mathilde Stodart,Pune
158,Osgood Pimlott,Chennia
159,Belva Petrenko,Pune
160,Star Benninck,Bangalore
161,Philippine Seear,Mysore
162,Quinn Kuller,Mumbai
163,Ryun Eustace,New Delhi
164,Joaquin McCloid,Chennia
165,Barnabe MacAnelley,Pune
166,Homerus Shackel,Mumbai
167,Emmott Loan,Chennia
168,Ethelyn Gobourn,Chennia
169,Lauralee Brownsett,Chennia
170,Sheffie Sedman,Pune
171,Lancelot Mc Carrick,Chennia
172,Abdul Warrington,Bangalore
173,Glenna Jewson,Bangalore
174,Mortimer Klamp,Bangalore
175,Eyde Hawkwood,Bangalore
176,Bob Trice,Mumbai
177,Philippe Menel,Mysore
178,Leontyne Tustin,Mumbai
179,Tiffani Kelcher,Bangalore
180,Ruby Middup,Mysore
181,Vivianne Whitchurch,Bangalore
182,Kay Farryn,Mysore
183,Christoffer La Wille,Chennia
184,Cordie Hazzard,Pune
185,Row Bote,New Delhi
186,Jacquie Roggieri,Bangalore
187,Sean Vosper,New Delhi
188,Ivie Folger,Mysore
189,Egan Lendrem,Bangalore
190,Essa Jeakins,Bangalore
191,Haily Ratley,Pune
192,Maurizia Adhams,Mumbai
193,Hamlen Huggard,Pune
194,Dallis Nelles,New Delhi
195,Adan Pittendreigh,Mysore
196,Mirabel McCaughan,Mumbai
197,Frederic De Leek,Chennia
198,Nicki Bauser,Mumbai
199,Fanya Folks,Chennia
200,Dael Schulkins,New Delhi
